<?xml version="1.0" encoding="UTF-8"?>
<project-private xmlns="http://www.netbeans.org/ns/project-private/1">
    <editor-bookmarks xmlns="http://www.netbeans.org/ns/editor-bookmarks/2" lastBookmarkId="12">
        <file>
            <url>src/ui/Form_NhanXe.java</url>
            <bookmark id="12">
                <name/>
                <line>48</line>
                <key/>
            </bookmark>
            <bookmark id="9">
                <name/>
                <line>324</line>
                <key/>
            </bookmark>
            <bookmark id="11">
                <name/>
                <line>361</line>
                <key/>
            </bookmark>
        </file>
    </editor-bookmarks>
    <open-files xmlns="http://www.netbeans.org/ns/projectui-open-files/2">
        <group>
            <file>file:/C:/Users/Thanh/Documents/NetBeansProjects/QuanLiBaiGiuXe-main/src/entity/VeXe.java</file>
            <file>file:/C:/Users/Thanh/Documents/NetBeansProjects/QuanLiBaiGiuXe-main/src/entity/VeNgay.java</file>
            <file>file:/C:/Users/Thanh/Documents/NetBeansProjects/QuanLiBaiGiuXe-main/src/dao/VeThang_Dao.java</file>
            <file>file:/C:/Users/Thanh/Documents/NetBeansProjects/QuanLiBaiGiuXe-main/src/dao/VeXe_Dao.java</file>
            <file>file:/C:/Users/Thanh/Documents/NetBeansProjects/QuanLiBaiGiuXe-main/src/application/RunApplication.java</file>
        </group>
    </open-files>
</project-private>
